Edad,Tiempo_Plataforma,Horas_Semanales,Promedio_Academico
18,11.2,1.6,13.34
44,12.8,4.9,10.25
50,2.0,10.2,12.75
54,8.8,15.3,13.54
33,15.5,4.8,11.3
35,5.5,6.4,13.81
58,1.4,8.2,14.83
38,16.0,2.8,9.45
49,8.8,10.2,13.45
48,0.3,9.0,14.34
25,1.2,5.8,13.91
48,3.7,13.1,14.35
48,51.2,13.1,12.45
41,0.7,11.0,13.62
35,8.0,2.8,16.66
30,8.4,8.1,11.08
52,18.4,10.0,12.57
48,8.0,6.6,13.8
32,7.1,7.0,12.33
20,13.5,12.0,11.68
19,4.0,11.1,12.4
18,15.9,9.7,17.98
36,2.1,9.4,10.42
55,14.9,7.4,15.76
18,1.5,6.4,11.68
36,1.6,3.8,8.68
23,0.7,7.8,14.19
57,17.3,13.1,13.3
51,24.6,12.0,12.57
44,41.0,9.9,14.5
54,12.4,7.6,11.38
49,1.4,10.7,13.4
37,2.8,6.7,14.93
46,0.1,6.2,16.14
43,11.8,9.0,14.18
50,3.2,7.7,15.57
49,23.1,2.4,12.62
28,33.8,9.3,10.68
56,2.1,11.5,13.51
19,5.2,6.1,13.36
58,25.4,11.0,10.51
21,16.8,9.6,12.88
16,3.5,6.0,13.01
27,0.3,6.2,12.52
50,15.9,7.3,9.32
26,6.8,12.6,13.03
38,28.8,8.5,15.64
29,10.1,8.2,14.63
34,9.9,8.9,11.09
52,40.9,15.0,14.82
31,4.2,10.5,11.9
59,7.0,4.8,11.0
43,48.1,8.5,16.05
46,3.1,9.0,16.78
22,27.7,9.3,13.06
42,2.7,10.1,14.76
32,7.5,7.5,11.83
22,18.2,9.3,10.88
30,6.7,6.7,10.71
55,6.9,10.1,10.97
27,17.6,11.6,12.19
23,10.1,6.0,10.91
17,6.4,10.2,15.54
59,11.4,11.4,10.16
53,21.0,4.6,15.13
41,4.7,12.0,10.86
36,2.5,9.0,14.7
28,46.3,6.2,11.93
34,12.9,4.3,14.06
33,2.8,6.6,13.27
17,5.6,6.4,12.78
57,1.1,13.0,11.11
43,6.6,8.4,11.17
38,0.2,7.5,14.49
19,59.3,5.3,13.39
19,49.9,6.6,13.54
27,8.8,13.0,8.28
37,1.5,7.2,13.03
41,3.5,12.3,15.49
55,12.3,6.4,13.44
57,12.9,5.4,11.46
50,2.2,9.2,15.23
19,9.0,11.0,10.89
27,12.6,0.6,16.19
19,1.6,5.9,12.93
46,6.1,2.4,14.01
22,14.6,7.2,13.19
25,7.3,14.4,11.43
39,1.2,5.9,11.49
30,24.0,6.1,11.53
54,1.2,7.9,17.82
35,13.9,10.0,9.78
22,2.3,4.3,15.82
28,9.1,10.1,13.99
43,6.0,11.9,13.12
54,20.4,9.0,17.9
33,1.7,9.8,11.81
26,16.3,5.2,12.67
51,3.5,0.5,10.63
51,2.9,11.9,9.74
17,16.2,14.1,13.45
32,6.5,9.0,13.02
21,65.7,11.6,13.61
56,21.2,9.7,14.84
38,7.6,10.1,10.72
31,3.6,7.6,9.3
56,7.2,10.9,14.22
41,0.4,10.0,10.32
16,19.6,11.8,15.54
51,0.5,6.4,11.55
45,1.2,9.1,13.6
17,5.9,14.4,18.06
35,3.4,10.1,12.77
20,16.5,9.8,12.54
46,5.0,13.0,10.68
23,27.7,8.2,15.01
45,24.5,3.7,12.1
54,13.7,9.3,11.61
17,7.4,12.4,15.29
28,6.3,5.9,14.58
19,11.1,6.1,13.45
23,5.9,7.9,13.32
54,20.8,3.4,13.43
40,14.8,7.0,8.18
22,24.1,6.5,12.4
29,0.2,9.7,17.24
44,4.4,7.4,9.58
36,0.3,8.9,14.94
52,36.7,4.7,14.02
48,27.9,6.9,10.69
56,5.7,7.4,11.23
40,10.3,9.7,11.22
29,23.7,10.3,12.73
24,9.0,4.8,15.05
30,8.5,3.3,11.55
22,35.5,3.1,12.38
17,1.4,11.2,11.24
46,45.6,7.1,13.66
22,10.3,17.2,15.25
56,29.5,12.0,15.51
26,43.0,9.2,15.95
28,25.6,4.7,12.67
28,20.0,7.4,11.64
41,15.8,3.8,14.83
58,22.9,6.1,13.68
23,4.5,7.5,10.97
29,1.6,5.4,12.43
17,0.5,9.3,10.1
57,8.6,8.4,11.82
30,2.6,7.6,15.05
39,20.9,5.8,10.36
49,4.0,5.8,10.55
19,6.0,1.6,13.51
33,3.7,9.5,15.63
40,2.7,9.7,11.14
39,25.3,11.4,9.76
21,8.4,12.1,14.61
49,10.1,9.1,11.31
53,11.0,11.9,15.34
18,12.2,10.2,13.72
34,8.7,12.0,13.33
51,1.1,2.3,11.04
34,5.8,6.7,13.94
43,1.2,8.2,9.56
25,34.9,4.1,13.52
33,28.8,2.9,16.51
19,6.5,9.1,12.36
27,14.6,2.3,14.65
42,4.9,12.2,12.2
44,9.3,8.5,14.54
27,3.4,6.2,10.88
26,15.2,8.9,12.2
19,1.1,12.3,11.43
39,16.0,15.4,13.82
41,2.2,5.3,13.22
43,4.8,4.5,13.69
19,5.8,8.9,16.56
51,5.7,9.1,14.19
30,5.8,4.5,12.99
37,12.9,7.1,15.06
39,7.4,8.3,11.74
39,6.5,6.2,11.78
52,26.8,13.4,13.5
20,30.3,4.0,8.98
21,11.2,6.8,9.03
25,9.9,13.5,15.32
18,12.1,3.1,9.96
53,20.9,7.9,14.45
49,19.4,6.5,13.82
21,18.6,14.3,12.62
25,7.3,8.8,14.25
31,38.6,8.6,16.08
44,1.6,8.2,10.28
18,1.1,8.0,12.48
26,1.5,8.6,13.63
52,4.3,5.3,10.39
19,15.1,7.8,11.4
19,8.5,7.8,13.91
39,4.4,13.4,13.49
43,0.1,8.2,13.66
50,14.4,10.2,12.76
53,37.5,3.7,10.87
39,0.7,5.7,10.67
37,1.8,11.3,14.28
41,3.8,9.2,14.14
33,9.0,6.6,9.34
18,5.7,9.4,14.05
26,11.8,5.9,15.02
24,6.0,9.3,11.87
48,56.0,5.3,15.39
41,17.8,7.4,14.84
51,58.4,11.6,13.07
19,3.2,8.5,11.19
17,16.4,5.9,13.14
23,3.4,14.6,14.2
22,7.0,8.8,10.38
51,1.3,8.9,17.85
49,3.6,11.6,14.23
55,1.3,1.9,12.11
34,7.2,13.4,12.06
44,40.9,12.1,12.03
54,13.9,8.7,11.5
21,11.2,7.3,18.72
25,1.8,9.0,14.22
56,0.6,11.8,9.74
57,68.7,6.9,11.42
20,9.4,5.7,13.04
39,7.9,7.6,13.42
56,27.9,12.3,13.91
37,0.6,11.0,14.34
41,2.5,10.1,15.84
52,17.4,6.4,11.41
44,4.2,5.5,11.63
51,2.6,6.6,9.99
35,18.5,12.3,11.74
33,34.7,7.8,11.3
55,5.5,5.6,12.23
56,5.8,10.2,10.09
30,13.6,9.0,12.49
30,4.1,10.0,10.38
39,11.2,10.5,10.95
44,9.2,8.8,13.68
32,8.4,3.5,12.87
40,18.1,9.3,14.28
31,9.4,7.7,11.17
32,5.0,6.1,12.98
36,9.3,4.9,17.24
59,23.8,14.7,12.04
42,17.8,4.1,13.63
20,24.7,3.1,14.87
37,2.7,6.9,12.86
48,37.4,3.8,11.4
55,1.1,14.9,14.07
17,4.5,4.7,11.91
50,20.4,2.7,12.29
58,10.4,2.8,9.27
34,12.0,1.9,11.89
55,30.8,7.3,14.65
42,4.9,6.7,18.3
55,10.5,7.8,12.47
51,5.1,10.4,11.45
54,27.9,4.2,9.98
17,6.4,5.3,11.55
56,8.4,11.0,14.14
33,24.9,5.9,14.46
38,18.6,7.3,7.76
41,0.3,8.5,11.25
26,1.0,6.5,15.48
16,1.2,7.9,11.91
51,10.4,11.5,10.8
35,4.2,12.4,17.0
46,1.5,6.3,11.66
23,10.8,7.3,14.85
55,5.1,2.5,11.68
39,18.3,7.6,12.81
35,14.2,11.5,13.93
30,10.2,12.4,14.19
45,9.2,6.1,13.79
35,10.4,13.4,13.25
53,1.4,14.5,11.58
17,4.8,6.8,17.53
21,0.5,5.7,8.67
57,1.8,8.2,11.36
33,1.6,0.8,15.17
51,5.9,6.7,15.9
29,11.1,14.2,12.49
41,1.7,11.8,13.0
49,19.6,10.0,11.71
45,25.5,7.4,11.54
22,31.0,8.2,10.85
45,7.4,9.5,11.62
33,25.2,7.0,14.3
37,28.3,5.3,13.0
32,6.7,9.5,12.72
46,56.2,8.6,10.86
32,0.9,9.1,9.76
46,2.9,11.2,11.52
28,9.7,13.9,12.65
42,0.1,9.1,10.47
35,4.9,9.3,10.69
32,12.5,6.6,13.4
44,44.6,14.0,13.84
54,21.5,2.4,15.49
50,30.8,5.9,11.36
23,0.5,10.9,13.86
58,0.9,10.6,12.06
53,19.5,7.2,13.36
30,10.1,5.6,8.22
16,6.1,4.0,10.77
48,12.3,8.8,15.27
18,2.1,5.7,13.02
54,3.1,2.8,9.87
53,46.6,12.1,11.51
30,15.0,12.6,15.41
57,46.1,6.3,13.42
33,23.4,11.5,12.86
53,6.0,7.9,13.17
46,34.2,8.1,12.67
35,1.8,7.9,12.48
22,2.9,8.1,12.36
52,0.8,8.4,11.35
42,6.6,6.6,15.02
23,13.8,4.7,12.56
29,5.1,8.3,12.9
30,12.5,0.3,15.21
22,8.5,12.0,11.92
48,24.7,5.2,12.27
49,4.4,7.7,11.91
19,25.0,9.3,10.23
16,12.0,10.2,12.51
56,13.2,8.2,13.39
29,2.6,11.5,13.58
46,2.3,7.6,11.01
53,3.9,9.8,12.4
35,27.4,6.7,13.31
18,20.6,8.1,17.4
50,19.2,11.4,13.16
48,0.3,8.5,13.01
30,16.5,7.0,12.39
18,4.5,10.2,14.24
43,56.7,13.7,14.16
42,2.0,0.9,14.73
48,9.6,9.2,13.84
34,16.6,4.1,15.45
48,19.8,6.3,10.09
46,28.7,6.8,11.52
19,7.1,12.9,12.74
47,9.9,3.9,15.73
57,5.4,5.0,15.24
43,3.1,12.7,8.08
31,48.8,0.4,9.86
58,0.7,14.6,13.32
43,3.8,4.8,14.29
30,5.7,8.3,15.77
37,2.7,11.2,12.26
46,3.6,11.2,11.4
36,1.5,14.7,14.48
47,7.7,3.4,14.54
22,14.4,2.3,14.4
48,1.9,14.8,14.56
23,12.6,6.7,13.01
29,1.4,7.1,14.04
40,9.2,11.2,9.9
47,15.0,7.3,14.45
43,13.0,11.1,14.49
17,14.5,3.9,15.35
32,16.3,4.8,8.67
42,11.6,5.3,13.04
17,16.6,8.1,15.72
23,0.9,2.6,12.99
53,2.1,6.8,13.03
35,3.7,6.0,16.35
52,8.4,4.8,11.53
36,11.2,9.0,12.96
41,7.2,5.9,12.69
46,1.1,7.5,14.05
35,52.0,5.3,15.5
21,2.5,8.1,14.04
30,11.1,10.0,9.42
16,28.3,6.3,15.83
41,12.7,5.8,12.14
44,7.6,4.0,11.05
17,19.3,13.3,12.84
37,6.7,7.6,17.72
44,17.4,6.0,9.09
24,3.6,10.3,10.6
56,8.6,10.6,13.78
36,4.6,6.9,11.94
47,5.3,12.1,8.91
47,7.0,4.4,14.91
59,1.3,6.1,13.82
55,48.2,8.6,14.34
41,27.2,9.1,13.46
28,7.8,11.6,13.87
18,1.9,7.4,16.65
47,1.6,5.1,14.92
48,0.6,7.8,8.38
48,6.2,4.3,12.46
57,24.0,8.5,9.99
57,14.0,5.7,13.19
28,16.5,10.5,10.11
58,12.9,3.1,11.04
21,33.1,0.5,11.66
19,5.7,7.0,10.91
53,16.4,12.8,11.51
21,3.8,8.7,17.36
18,13.6,10.0,13.1
42,14.8,8.3,14.56
55,5.5,5.6,15.9
35,5.7,9.1,14.9
33,0.1,8.1,11.07
35,7.1,7.2,13.33
45,5.8,1.8,12.7
25,17.5,7.4,12.66
38,26.3,6.8,17.09
18,2.4,10.2,13.2
24,6.5,5.2,14.96
34,28.4,10.0,13.53
51,18.1,5.6,15.33
55,0.6,4.3,11.45
42,12.5,5.9,15.5
57,0.1,0.9,12.03
43,8.6,12.7,13.83
58,15.3,11.9,13.31
23,8.5,4.6,11.4
57,10.7,9.6,15.45
23,24.0,12.0,8.28
33,3.3,8.3,9.4
36,9.5,15.1,15.96
28,0.6,6.4,12.2
42,3.8,4.3,14.69
55,22.5,11.0,12.23
31,13.7,9.3,11.61
55,4.6,10.0,13.77
24,0.6,1.8,10.94
42,2.2,4.6,13.27
32,2.4,8.0,12.44
18,6.8,2.6,12.22
19,3.7,6.9,17.97
55,9.1,6.0,15.19
16,1.7,8.0,15.06
29,2.2,10.2,16.13
23,29.3,4.5,12.46
22,5.0,11.3,12.54
45,5.5,5.6,12.83
40,17.2,13.0,14.1
54,26.1,9.3,12.38
31,15.0,8.5,11.93
26,5.0,11.5,11.03
40,12.4,6.9,12.74
48,0.6,10.6,12.23
36,3.2,6.0,10.28
25,51.9,12.8,12.34
24,6.7,6.3,14.55
16,3.3,5.5,10.02
49,18.6,10.3,13.09
46,9.8,6.0,12.74
36,20.8,11.1,11.65
39,48.3,8.8,12.91
34,3.1,7.9,12.72
36,5.2,5.0,12.83
40,9.3,8.0,11.82
35,10.2,6.8,15.88
41,13.6,4.0,11.14
22,18.4,13.1,12.86
18,28.9,10.1,14.95
55,8.8,8.3,12.7
23,3.4,6.9,13.41
45,14.8,9.0,13.9
26,3.5,3.5,12.34
23,8.2,4.9,11.42
52,9.5,4.3,13.43
32,11.3,7.2,13.35
23,15.9,6.2,13.58
59,7.1,8.0,13.55
45,18.4,5.7,12.85
58,7.0,3.3,16.01
58,5.5,9.1,14.2
31,4.5,8.6,11.26
19,1.1,7.1,13.33
36,15.1,10.5,9.7
49,1.8,8.3,14.48
55,0.5,12.6,12.55
50,3.2,2.8,11.73
28,3.0,10.7,13.65
58,14.1,4.7,12.46
42,20.1,4.7,8.51
23,2.2,9.1,9.72
56,7.8,7.6,12.76
57,11.0,7.4,12.67
44,15.9,6.8,13.56
31,2.8,4.9,13.34
58,1.8,7.8,11.46
20,7.3,5.8,15.53
52,35.9,4.7,12.13
55,40.7,12.1,12.35
55,2.9,11.2,14.43
57,7.2,9.9,16.17
25,5.1,7.3,19.92
30,0.2,9.5,12.64
36,7.8,9.4,16.47
49,5.0,9.8,14.16
37,13.2,3.9,11.98
37,13.6,10.0,14.04
24,9.1,9.7,14.8
41,0.8,13.6,14.43
28,21.8,5.5,12.82
33,38.9,5.7,11.89
16,18.7,1.9,10.83
38,17.2,6.8,9.92
48,24.2,9.9,14.79
46,15.1,7.2,14.89
36,5.9,7.4,12.68
38,5.8,8.6,12.03
31,2.8,12.3,14.71
42,8.0,6.5,8.09
52,24.7,12.5,15.7
53,1.3,5.9,11.54
29,1.3,11.6,16.17
52,6.1,5.1,12.2
22,4.8,8.4,10.99
27,0.7,6.0,14.28
43,2.5,10.3,9.45
18,30.2,5.9,13.85
37,45.4,5.9,10.88
36,9.7,5.2,15.67
44,6.4,7.6,14.83
35,0.7,8.4,13.74
18,23.3,9.2,13.53
42,10.5,6.0,9.96
36,0.6,3.8,15.38
56,16.5,11.5,8.89
48,0.4,8.2,13.13
45,10.2,8.5,13.82
54,27.2,3.4,13.19
56,6.4,8.9,14.17
24,5.6,10.0,11.5
53,19.5,8.8,14.59
38,26.5,5.1,12.3
38,0.1,5.5,16.74
16,6.0,7.1,13.73
36,49.7,7.9,15.72
47,4.9,4.2,10.69
41,13.3,11.0,10.05
48,9.5,6.9,15.56
24,18.2,10.7,11.99
32,2.1,7.5,14.75
21,35.7,7.9,15.84
22,10.7,8.7,15.3
22,17.9,12.1,12.84
52,13.0,10.6,15.38
20,4.7,6.9,14.12
48,0.5,3.7,14.75
25,7.4,8.8,14.32
32,31.4,10.3,7.85
55,2.4,11.5,14.96
43,19.9,6.7,10.86
37,34.4,7.7,15.65
36,0.5,9.1,9.01
47,10.5,4.9,11.76
47,5.1,7.1,12.13
51,10.2,9.4,11.95
46,15.1,12.1,13.29
21,0.1,4.5,11.85
36,0.2,4.9,13.41
50,8.0,9.1,12.84
29,2.0,8.6,11.16
38,17.5,7.6,12.81
57,9.2,4.6,14.77
39,16.8,1.4,13.39
45,19.4,13.5,14.24
25,1.8,6.1,12.89
20,0.3,10.7,10.75
57,11.5,10.8,14.15
45,20.0,7.9,14.97
22,9.1,12.6,11.58
21,32.0,6.6,13.31
23,21.1,16.9,10.32
41,4.7,10.2,9.61
33,4.4,10.3,16.56
51,12.1,7.6,10.68
41,0.8,7.9,13.82
51,4.5,9.6,12.61
56,11.9,9.7,14.15
19,11.6,7.4,16.09
28,5.9,6.4,14.7
39,62.5,11.9,10.15
46,35.6,10.7,13.7
37,1.7,9.0,9.86
55,11.1,5.7,13.79
33,8.6,8.2,14.61
49,12.1,9.6,14.46
38,2.5,14.1,10.55
54,1.0,7.7,8.43
52,29.2,7.3,12.61
16,17.3,13.0,15.0
57,33.8,3.1,11.86
35,1.2,4.4,12.56
40,10.9,12.8,12.88
21,10.3,6.2,14.43
45,3.3,6.9,14.25
35,12.1,10.2,12.96
24,2.8,4.3,12.55
33,16.4,7.8,16.35
55,1.3,4.2,16.48
18,18.5,12.1,12.45
51,0.6,9.1,12.27
21,5.5,6.1,13.41
59,1.0,6.8,11.5
53,47.4,7.3,13.01
16,3.7,5.0,13.97
34,7.7,4.4,14.66
53,1.4,11.4,15.9
43,7.3,5.1,15.52
24,12.4,5.5,11.53
25,11.4,9.3,11.19
39,7.7,12.9,14.52
41,15.6,3.4,14.37
23,7.0,8.4,15.61
20,4.9,5.9,11.95
28,27.4,12.3,11.47
37,7.7,1.7,11.43
49,0.4,5.5,13.17
40,8.8,14.2,17.57
38,0.9,6.5,9.94
56,29.6,3.5,13.09
36,4.7,10.7,13.99
18,2.6,9.8,13.88
23,4.5,7.1,15.63
54,36.3,9.3,14.1
54,5.4,6.6,13.55
37,1.7,10.8,17.06
26,5.5,13.8,13.88
38,0.6,9.2,13.9
31,13.4,7.0,14.06
43,5.1,2.2,11.73
50,3.9,7.4,13.88
57,2.6,11.6,15.22
44,4.0,1.6,14.75
53,4.0,11.3,16.54
21,8.4,7.0,12.81
29,0.9,6.5,11.49
44,2.2,10.0,8.69
43,14.6,13.0,12.38
25,14.1,4.7,15.04
19,7.1,8.0,11.49
39,9.8,4.4,12.3
17,34.2,9.6,10.07
44,2.4,12.2,15.57
40,17.1,12.5,13.01
46,14.9,10.1,13.7
30,1.3,5.3,18.59
53,19.5,12.4,10.35
48,13.8,2.5,10.24
23,20.5,6.3,15.14
55,0.7,5.8,16.78
31,10.2,11.1,11.43
53,6.6,5.5,14.06
59,25.7,9.1,13.91
56,10.5,9.5,17.09
49,6.5,6.6,11.37
21,57.2,15.1,13.07
54,4.2,5.7,13.23
55,22.5,6.9,13.61
38,17.4,6.3,13.34
36,4.5,8.8,14.15
50,12.2,5.3,12.99
44,39.0,7.7,15.31
50,7.2,3.1,15.89
17,29.0,7.0,16.03
48,2.4,7.6,14.77
41,3.1,9.0,13.48
59,13.0,9.2,11.41
47,18.8,7.8,8.79
33,2.0,10.7,14.85
49,96.2,8.4,12.3
45,9.4,11.0,9.42
59,16.0,12.2,12.14
38,17.9,10.4,12.66
35,62.0,8.6,10.09
38,4.6,1.6,13.41
55,4.6,7.9,15.58
23,0.9,5.4,11.19
29,22.8,7.6,11.6
38,4.6,12.2,13.55
29,1.2,4.1,14.72
17,2.5,7.8,14.02
19,3.7,6.8,14.35
39,8.4,8.7,13.16
51,16.2,7.6,10.91
24,4.7,12.6,12.47
31,7.3,3.8,13.29
47,12.9,10.2,15.6
47,6.3,7.7,12.41
42,25.4,9.4,12.65
30,28.7,7.4,15.17
19,1.9,12.3,11.94
51,20.0,8.8,12.35
40,14.6,7.6,14.8
30,7.5,12.7,13.61
27,5.8,6.3,18.01
22,1.2,6.2,13.43
51,3.8,8.2,16.79
39,27.1,10.9,14.36
21,11.4,10.3,14.16
56,25.0,6.8,11.18
46,2.6,5.1,13.26
36,4.1,9.3,14.23
26,6.1,10.0,9.38
31,29.5,8.3,9.92
29,7.7,9.0,12.7
40,5.5,8.8,12.17
29,58.7,11.8,12.9
53,8.6,4.3,17.88
33,18.2,10.0,11.6
29,1.3,12.4,12.71
39,6.3,11.7,14.6
23,4.2,7.0,13.65
40,4.5,8.9,12.84
49,1.9,4.7,14.94
59,10.2,4.5,14.39
43,36.3,3.4,13.52
39,5.6,13.5,15.85
33,16.5,6.7,14.34
49,2.7,6.5,13.19
57,10.2,6.2,11.21
18,12.5,11.7,11.49
27,17.4,9.6,11.39
51,13.2,9.9,14.14
20,4.0,8.8,12.14
34,6.5,9.6,11.94
27,5.0,6.7,12.87
42,10.9,6.7,12.8
32,0.5,10.3,10.92
58,5.3,8.9,9.72
43,10.6,5.2,11.27
55,3.4,5.2,10.8
37,37.9,1.8,16.54
25,10.1,12.1,14.68
56,4.8,4.6,13.49
21,9.8,6.2,14.76
32,4.6,3.5,13.44
27,31.5,9.7,11.88
21,12.0,3.2,10.59
58,1.8,12.1,12.21
37,9.3,12.0,9.81
31,3.8,11.4,11.6
19,6.2,11.1,15.97
40,5.0,8.0,12.1
48,0.8,4.4,13.81
16,16.7,3.9,11.12
30,1.7,7.5,12.62
32,6.9,5.7,13.15
58,4.2,8.3,11.37
34,16.9,4.2,16.48
34,5.1,11.5,14.03
35,39.6,7.6,14.1
16,46.9,5.5,14.23
38,9.4,8.7,12.0
31,13.8,7.4,12.5
39,11.6,10.8,11.66
35,13.6,11.0,16.71
30,32.8,12.0,13.19
39,5.8,7.0,12.54
52,8.4,11.0,13.26
56,1.3,3.7,11.94
48,4.6,9.3,11.85
47,2.1,0.6,11.21
46,35.5,4.2,12.14
30,41.6,8.0,12.43
16,0.5,8.8,15.38
27,14.5,6.7,13.28
50,5.2,4.2,12.24
52,13.3,9.6,15.89
45,3.5,9.8,15.43
41,1.9,8.0,14.97
26,2.3,6.3,15.51
47,2.5,13.8,13.8
17,17.4,6.3,18.59
25,13.7,3.1,15.01
37,5.1,4.6,16.6
24,10.5,7.6,14.53
45,21.3,11.6,13.97
40,7.7,1.0,11.99
36,26.2,6.3,11.93
33,4.9,8.2,10.19
35,35.3,10.5,12.25
55,3.1,7.7,14.09
31,2.8,12.9,12.18
54,28.7,10.0,11.56
50,7.6,10.1,10.83
44,29.8,7.6,12.99
45,1.7,8.8,12.74
18,15.8,8.9,14.99
47,1.9,8.2,14.6
29,3.6,6.5,11.66
41,14.8,8.9,7.86
20,10.7,9.0,10.51
43,2.5,11.6,11.04
23,16.7,8.0,11.2
48,0.1,6.5,13.14
51,2.6,7.4,10.7
28,23.2,11.3,10.14
35,22.3,5.7,10.88
33,6.7,5.1,9.21
35,0.4,5.6,13.91
58,23.7,8.6,13.61
48,0.1,6.2,12.84
36,7.8,2.7,14.38
39,15.5,1.3,13.6
43,4.9,9.1,13.09
20,30.1,12.4,10.87
45,7.3,9.4,13.17
58,3.4,6.3,10.85
39,11.6,14.6,11.86
54,2.1,7.7,12.87
29,25.0,7.0,14.36
51,9.6,3.3,17.43
51,23.1,11.5,10.82
41,15.8,4.8,14.7
28,11.6,11.5,15.84
55,0.2,8.4,13.33
36,57.2,8.7,12.23
41,5.9,10.7,14.43
49,7.5,2.6,13.9
55,6.8,12.2,12.66
29,1.6,9.7,14.33
36,1.9,10.3,11.29
58,12.8,3.3,14.0
34,4.7,5.6,8.46
27,5.7,13.1,11.12
51,1.4,7.2,14.27
45,0.8,11.4,14.16
59,7.7,2.6,15.01
48,8.8,4.8,12.84
59,2.7,9.9,13.0
38,12.9,13.2,13.46
56,28.7,10.6,12.66
28,9.0,3.8,17.01
43,8.9,9.9,12.7
43,0.0,7.7,12.55
34,7.3,8.4,9.31
52,33.2,10.2,9.22
46,0.3,8.1,12.28
57,3.6,9.7,8.87
54,3.9,7.8,10.86
32,20.4,10.1,14.78
43,5.1,7.3,9.73
19,3.1,6.5,16.89
21,1.0,12.7,12.34
34,0.1,5.2,12.59
38,8.3,9.3,13.41
55,17.8,8.8,13.73
57,27.4,10.2,9.76
21,6.2,6.9,12.25
39,4.3,6.5,13.04
37,2.3,4.8,14.52
36,3.1,8.8,13.01
29,1.3,11.8,13.79
39,20.8,12.7,13.31
40,25.1,0.5,14.84
32,20.0,11.3,12.33
50,13.7,9.5,15.81
32,8.7,9.7,11.04
43,1.7,12.5,15.75
17,13.1,10.2,12.76
49,46.7,4.6,12.34
16,2.7,8.2,12.98
18,13.2,6.5,13.42
37,20.1,5.6,12.08
57,39.8,5.8,12.32
19,11.1,9.2,13.98
30,11.0,10.8,10.64
51,13.2,8.2,12.91
54,4.7,9.9,11.87
27,7.9,10.7,13.32
52,2.0,10.1,14.3
56,2.6,5.6,14.27
22,4.3,7.9,13.71
46,4.4,5.6,13.99
20,20.3,12.9,14.39
42,0.5,9.6,15.68
40,7.0,13.9,10.66
32,9.1,14.0,14.49
43,15.2,11.3,11.99
42,0.5,7.1,12.29
41,13.9,7.1,9.84
44,18.0,4.7,10.62
42,8.4,5.3,13.48
32,8.0,5.6,10.51
53,13.1,11.6,10.8
31,21.1,4.6,12.75
24,23.6,7.4,14.43
47,17.9,10.0,12.69
16,14.3,11.3,9.06
24,1.4,5.1,12.65
22,1.2,5.8,13.15
59,12.6,8.4,15.67
52,10.7,8.8,12.19
55,15.0,7.1,13.32
21,12.7,6.2,10.83
52,19.3,7.7,13.93
54,10.4,9.1,13.7
19,54.5,4.5,11.31
52,1.1,8.8,12.73
25,15.0,6.0,11.57
25,1.5,7.7,13.59
50,17.7,5.5,14.59
23,5.9,8.0,11.11
38,43.1,4.8,12.46
22,18.5,10.8,13.31
17,17.9,11.0,15.57
53,11.4,2.8,15.38
35,23.5,6.5,11.02
46,5.7,3.8,13.46
45,19.6,5.5,13.47
40,10.1,7.8,13.83
25,34.4,8.1,13.15
32,25.8,6.3,13.57
24,3.7,6.7,13.88
58,1.3,7.0,15.44
47,17.2,7.1,15.0
39,6.4,7.0,15.37
31,3.6,7.9,10.62
27,4.2,6.8,9.64
50,3.5,6.6,12.25
58,11.6,8.2,14.17
32,7.5,9.8,13.57
44,0.4,11.8,12.64
51,25.7,9.0,12.1
50,1.8,6.5,11.98
19,0.3,8.6,14.47
22,3.2,3.4,12.96
34,14.8,2.9,14.94
43,3.2,9.4,13.02
56,15.7,7.6,10.0
37,13.6,5.6,10.86
36,2.4,6.8,12.0
20,0.8,4.6,13.15
47,9.8,8.6,11.24
16,1.2,11.7,12.48
35,0.6,12.2,13.81
43,0.8,11.4,13.02
59,17.7,10.7,12.32
52,14.4,9.1,12.71
27,6.9,11.0,13.37
33,35.7,6.7,16.6
20,11.1,5.6,10.88
46,9.6,8.1,12.61
17,10.5,5.5,12.64
24,21.7,6.3,12.5
17,9.1,8.4,10.79
33,1.2,14.0,13.11
50,37.2,9.5,12.44
59,8.3,6.7,11.72
40,37.2,8.1,13.95
31,3.0,12.3,11.37
56,21.8,9.0,16.32
59,1.0,11.4,13.9
35,2.6,8.5,16.22
19,22.7,4.5,9.63
47,4.9,4.8,15.07
35,4.1,8.1,13.68
54,2.1,2.6,13.09
30,13.8,8.9,11.36
33,4.6,7.8,10.95
22,1.1,7.1,13.35
18,2.4,7.0,12.76
23,9.3,13.4,11.4
44,3.5,10.3,12.16
23,6.8,5.5,12.97
16,35.9,1.7,13.22
58,1.2,5.6,15.28
36,3.9,13.4,11.49
54,12.5,5.2,18.67
17,26.7,5.7,15.56
49,12.3,10.1,13.99
36,7.7,5.0,12.71
48,2.5,10.2,8.59
54,5.3,8.2,13.12
55,33.7,7.7,12.02
22,3.3,4.8,12.1
30,23.8,8.7,11.98
24,20.1,10.0,18.37
45,17.1,0.5,13.96
59,7.2,9.6,11.43
32,0.7,13.7,14.17
53,0.4,7.8,14.02
56,4.8,3.6,9.3
54,0.1,9.8,14.19
36,12.4,7.0,9.63
18,1.0,9.0,13.52
52,25.7,3.7,12.8
32,42.3,5.6,13.78
32,32.3,10.7,11.96
26,15.6,8.2,11.39
25,5.6,6.5,11.1
16,3.8,7.2,12.57
25,0.1,8.6,11.57
40,23.1,6.3,13.4
31,31.9,7.9,13.55
53,11.0,9.7,13.73
47,0.1,6.1,13.47
40,30.3,6.2,13.08
28,48.1,7.8,10.49
58,5.0,8.4,14.18
31,17.5,7.6,11.89
56,0.8,9.4,13.67
35,17.2,10.3,12.98
43,24.8,12.3,13.57
23,4.0,9.5,13.97
46,3.0,6.9,9.65
43,4.9,3.5,11.13
44,9.8,7.4,9.85
57,5.1,5.6,11.05
49,7.5,12.1,15.07
52,13.2,4.6,11.89
57,3.1,4.4,14.8
35,15.1,6.3,13.25
20,29.0,2.7,11.0
42,11.1,2.7,13.1
52,10.1,7.8,11.97
52,0.5,6.0,10.44
46,7.3,9.0,12.36
48,31.0,10.3,13.21
47,2.5,10.6,11.35
32,51.6,4.4,9.91
58,29.5,7.2,12.53
38,32.5,8.8,13.36
56,2.6,4.1,10.9
52,27.0,7.4,8.47
32,14.8,7.0,9.63
33,13.2,5.2,11.94
29,7.5,9.5,11.55
31,1.0,10.5,11.11
39,6.0,10.0,14.59
54,1.8,5.1,14.91
18,9.1,3.0,14.99
28,0.8,8.2,12.46
54,8.2,11.2,15.81
36,3.5,5.7,12.26
34,5.9,8.5,14.96
31,1.7,8.4,14.25
43,5.2,6.3,12.74
20,16.4,8.9,15.78
23,2.3,9.0,15.27
30,1.3,4.8,12.44
24,22.4,6.5,13.96
33,6.2,6.4,11.73
35,13.0,12.8,15.05
51,0.8,9.5,13.58
59,0.5,5.8,8.37
41,15.6,4.6,14.0
17,2.2,14.3,15.9
53,1.0,7.3,10.85
21,22.0,14.4,16.59
18,35.4,7.7,14.72
36,1.2,1.2,17.12
38,27.0,0.4,12.43
41,7.6,8.5,15.66
37,25.8,3.5,11.05
35,21.5,7.9,12.72
45,4.3,7.3,15.6
47,38.3,8.4,13.87
17,6.1,11.8,18.06
55,34.2,0.8,12.86
54,3.5,13.9,12.17
53,7.9,5.5,13.92
45,15.5,8.0,15.36
47,10.9,10.6,9.87
42,13.2,10.1,12.87
27,1.2,9.4,11.99
38,0.8,9.5,14.45
30,11.9,9.0,10.73
50,8.6,11.6,11.25
56,5.3,13.6,14.86
58,43.3,4.9,13.56
18,4.1,6.9,11.08
30,24.5,11.0,15.37
20,6.3,5.3,10.27
43,6.2,10.4,12.86
55,5.7,5.2,10.9
25,7.5,9.0,14.15
37,10.8,11.0,10.36
18,0.4,13.2,15.27
54,16.6,7.5,14.83
53,19.0,7.3,11.63
51,0.1,12.8,9.69
59,4.7,9.9,14.91
17,37.8,4.6,16.35
40,2.4,7.0,12.97
53,9.6,10.0,13.51
45,0.7,5.7,13.19
21,8.5,0.3,10.93
30,18.7,10.5,12.26
36,34.6,9.1,13.24
35,0.6,5.2,11.57
28,7.1,10.6,12.95
26,15.9,8.5,12.68
19,50.6,11.2,14.2
49,3.6,9.5,10.62
29,12.6,4.1,11.93
53,3.8,10.9,13.25
27,2.4,7.3,18.69
29,14.6,6.9,13.99
29,0.2,9.2,12.21
40,28.3,4.3,13.73
34,1.9,8.8,15.23
33,14.0,11.6,12.36
27,5.5,3.0,9.65
18,2.7,6.2,11.82
52,1.1,2.0,8.46
24,1.1,4.3,15.44
44,27.9,4.5,13.22
43,2.0,10.2,10.8
37,32.7,8.5,16.56
16,30.1,5.6,12.53
27,14.4,7.5,10.61
19,15.2,7.1,12.94
39,13.0,8.6,11.08
18,7.8,7.7,16.07
21,9.2,6.0,14.47
16,3.9,7.4,12.38
32,11.9,8.6,11.32
18,9.3,9.0,14.17
18,2.8,5.9,14.84
24,6.4,8.4,11.43
33,7.2,9.0,14.58
48,8.0,7.6,15.09
58,8.1,6.2,16.19
41,22.2,10.3,15.63
37,4.9,8.2,12.09
16,1.0,7.2,13.86
34,0.8,9.9,15.59
21,5.4,9.9,15.23
41,21.1,15.1,13.59
36,16.2,4.7,11.76
20,12.9,4.7,13.24
33,17.4,8.4,9.96
30,2.3,15.1,12.68
35,5.2,3.7,11.9
43,11.9,7.8,13.45
52,2.6,6.4,12.4
24,3.7,10.4,8.51
41,6.1,5.8,10.68
35,3.2,7.6,13.56
58,7.4,5.2,13.79
22,9.9,10.8,17.32
24,15.5,5.6,13.73
48,0.8,8.3,14.49
37,13.8,6.6,13.56
16,19.9,4.1,14.69
23,6.5,9.8,15.16
49,2.8,6.1,13.25
54,28.4,0.3,13.61
40,22.5,13.3,10.58
48,3.9,9.4,9.21
24,17.1,11.3,15.72
59,13.2,13.6,12.98
59,17.2,12.4,9.23
32,3.7,3.8,10.77
26,28.8,9.1,15.73
34,4.2,4.6,15.32
37,2.4,4.5,13.33
24,13.3,6.8,15.7
25,6.9,9.6,9.15
40,2.4,9.1,12.94
36,1.3,6.9,11.8
26,1.6,11.1,10.73
35,32.1,4.9,13.03
27,28.1,12.8,9.42
54,1.7,9.7,14.39
30,21.3,11.9,10.27
21,9.7,14.2,9.46
32,0.9,9.6,15.02
20,1.4,6.0,10.63
30,10.6,5.3,11.7
47,1.0,2.9,15.55
18,0.3,4.6,12.68
18,31.3,12.9,11.49
30,0.1,5.2,10.85
47,6.2,16.4,14.04
23,9.4,9.1,13.04
21,13.2,9.7,17.95
20,2.7,11.2,14.47
31,8.4,11.0,15.69
32,1.0,11.1,12.93
54,1.9,9.2,15.34
20,11.7,5.4,12.62
39,10.9,4.1,12.07
42,19.9,8.1,15.45
40,8.0,5.1,13.42
36,4.3,9.8,17.31
23,6.2,6.7,15.21
49,7.3,6.8,10.61
30,12.7,14.7,9.86
50,5.3,9.0,15.46
41,22.2,4.7,12.66
51,0.7,12.2,13.54
49,19.5,13.5,14.76
50,1.0,8.6,16.36
30,2.3,7.1,15.03
18,8.7,8.1,14.74
56,1.3,11.0,9.18
24,8.8,4.3,14.39
51,3.1,7.6,13.7
58,6.9,8.8,14.72
41,17.1,5.2,12.43
25,25.2,7.4,14.45
45,14.1,4.7,16.29
57,6.0,9.9,14.0
51,26.3,2.6,11.61
32,5.4,9.1,14.57
40,18.5,10.1,11.41
26,36.4,14.7,8.37
46,1.6,8.9,16.53
27,25.7,12.8,13.37
40,15.3,9.1,11.49
41,17.8,9.5,11.51
54,19.6,1.4,11.09
28,3.7,5.1,12.16
45,14.2,12.4,14.13
18,20.2,5.4,12.07
46,21.3,10.5,11.16
36,18.2,2.2,12.25
50,8.8,12.7,13.85
44,3.1,4.3,14.5
28,13.2,8.1,9.14
45,10.6,9.8,13.75
21,2.3,8.5,13.32
26,7.1,10.5,13.09
26,16.7,9.7,15.12
19,11.7,11.6,11.48
37,0.7,8.6,11.66
49,11.8,5.6,11.19
45,20.8,5.5,10.79
20,5.8,14.2,16.21
46,6.7,9.8,15.94
43,10.7,7.5,17.15
46,1.9,5.3,12.96
38,12.6,12.5,14.4
18,2.0,12.2,8.96
50,19.6,9.3,14.81
36,15.9,9.3,15.57
36,0.7,14.5,14.61
25,51.7,11.7,11.51
27,21.5,8.0,11.4
42,11.8,5.9,11.85
52,14.7,7.0,11.61
27,4.0,8.2,16.93
38,12.4,2.5,14.61
37,23.8,9.2,11.96
38,8.8,4.1,10.14
38,3.7,4.7,12.75
30,23.6,8.8,12.52
41,7.3,14.6,9.95
43,23.6,11.7,11.32
28,0.2,10.0,13.16
50,1.2,10.8,11.15
52,2.7,9.2,14.16
59,9.8,9.8,12.95
53,0.6,1.9,13.01
19,4.6,9.6,16.17
29,38.9,8.1,12.44
52,31.5,8.0,10.65
23,14.3,11.2,11.45
49,21.5,9.7,12.08
17,0.5,13.5,13.47
23,11.8,9.0,13.05
40,3.4,10.0,13.22
42,2.4,4.2,12.6
26,4.6,3.2,13.01
32,14.5,5.6,15.76
45,5.9,10.7,14.83
53,5.3,11.6,10.88
25,26.1,9.0,12.65
49,6.2,8.3,11.23
30,12.3,5.0,13.45
37,18.2,13.1,10.85
40,10.1,9.6,14.8
29,0.7,3.4,9.57
40,39.7,10.7,12.79
32,12.7,7.4,11.78
58,70.0,6.4,12.93
17,3.5,7.5,14.49
44,6.4,9.5,9.56
36,7.8,12.2,16.41
17,46.7,7.3,14.63
47,1.9,14.7,13.97
23,4.2,8.0,9.15
51,10.9,8.4,12.81
42,16.2,6.3,11.37
42,17.6,12.8,13.33
57,26.8,7.0,15.92
38,17.2,7.5,12.85
27,0.3,5.8,14.39
21,2.1,12.3,12.5
58,14.8,8.5,17.1
39,44.0,2.4,8.27
52,1.3,6.9,12.2
40,1.2,5.9,12.78
35,36.4,6.3,11.94
52,21.1,5.5,10.9
21,1.1,8.6,11.7
36,12.0,8.8,13.34
46,2.3,10.7,13.57
48,3.6,13.0,13.76
32,19.1,9.1,14.94
48,10.5,6.5,13.06
17,7.6,6.7,11.88
55,0.5,8.1,14.98
48,6.9,10.8,12.1
17,6.1,8.8,11.17
29,10.2,5.8,17.17
18,3.9,8.7,15.2
41,0.3,8.6,10.26
39,6.2,5.1,14.2
27,1.5,8.4,11.73
24,2.5,2.0,10.91
19,1.3,7.5,15.29
20,18.4,13.4,13.69
20,9.2,12.6,9.99
27,0.2,9.5,11.77
26,32.8,7.6,13.79
43,6.8,8.1,12.42
42,2.8,8.4,8.84
37,5.7,9.3,11.85
18,3.8,4.8,14.92
36,11.5,10.2,12.1
26,0.0,11.3,13.3
43,10.6,5.1,12.83
44,12.1,9.5,13.89
32,22.2,9.2,15.33
25,2.9,10.9,13.94
30,10.1,9.8,11.56
59,8.0,10.4,10.56
44,2.0,7.0,13.69
19,6.2,5.1,11.0
54,26.1,6.6,7.67
39,25.7,7.2,13.18
39,6.6,7.1,13.92
29,18.4,7.4,14.94
41,37.8,5.9,13.52
26,3.7,7.9,12.71
18,12.4,8.7,11.36
26,12.7,8.5,13.91
21,4.3,9.8,12.27
48,22.2,1.3,12.1
32,12.6,12.7,10.58
55,26.0,5.4,15.71
33,24.2,13.9,12.97
59,8.7,8.4,20.0
19,14.6,7.8,11.76
51,1.6,5.0,13.23
54,38.6,4.7,15.26
30,6.7,10.2,16.53
56,4.7,10.1,14.95
41,3.9,6.2,14.49
48,5.3,7.0,16.52
43,9.0,1.1,13.21
45,7.6,9.4,11.56
43,5.7,12.3,9.84
55,6.1,3.5,10.0
49,8.4,8.3,13.04
25,11.8,1.9,14.21
54,2.2,8.3,12.46
30,10.4,10.8,10.11
59,33.3,9.5,11.85
45,44.5,8.3,12.1
43,32.5,6.4,10.93
54,3.2,6.9,8.67
41,1.8,10.6,12.54
41,6.1,7.9,14.8
59,15.7,12.9,9.83
16,4.6,0.9,15.8
37,7.7,10.1,16.53
38,7.8,7.7,16.53
40,0.4,2.4,11.16
23,30.8,7.3,13.4
49,1.2,7.2,8.73
30,1.0,5.7,12.48
17,10.2,10.2,11.53
27,5.9,6.0,11.59
33,11.2,7.0,17.13
22,7.0,13.0,16.68
57,9.9,7.9,14.47
42,4.8,7.8,11.88
17,5.4,13.6,13.66
50,15.3,9.5,16.1
28,6.6,9.9,13.76
19,21.2,7.8,12.99
43,6.7,6.0,16.3
38,2.7,4.0,10.62
33,32.6,12.0,13.63
36,50.0,12.8,11.95
54,21.9,6.9,13.14
29,9.6,10.6,13.09
28,4.9,6.2,11.81
35,4.3,8.1,15.45
28,9.4,1.6,16.87
23,17.9,5.6,13.42
19,29.4,1.6,16.66
21,6.9,3.7,10.19
39,12.7,12.9,10.54
39,6.5,4.9,11.04
35,7.5,7.2,15.44
28,3.4,8.2,13.1
49,20.1,12.2,15.86
23,15.3,5.2,14.14
49,13.6,4.7,9.82
20,12.7,7.6,14.54
31,16.2,6.9,12.42
31,26.6,10.6,16.74
29,26.1,4.1,10.94
42,21.3,4.8,9.75
57,29.7,2.9,7.99
57,2.3,10.2,10.1
46,45.4,10.1,12.56
29,3.0,13.0,12.79
46,6.2,5.1,14.77
29,32.1,5.3,13.22
39,1.8,4.9,13.52
50,11.7,9.1,13.05
30,22.8,3.6,17.41
35,18.6,0.4,12.9
43,11.9,9.1,13.28
53,0.0,9.1,11.24
42,4.6,3.3,14.4
16,6.6,8.3,13.79
27,5.1,6.2,9.65
54,1.1,3.2,12.87
42,9.4,10.9,8.63
51,4.3,8.2,11.6
46,1.7,10.8,10.75
39,28.1,11.0,11.96
47,2.4,12.8,12.19
35,20.9,7.4,11.22
38,16.5,11.8,13.32
18,26.6,12.2,13.37
31,7.2,10.7,13.2
17,1.0,6.2,11.3
52,0.4,3.7,15.93
36,5.6,7.8,11.22
18,13.1,9.5,14.71
27,36.5,9.3,12.09
43,0.3,12.4,14.45
40,42.4,14.1,12.66
31,1.8,7.7,9.24
27,0.1,11.7,12.02
36,13.6,7.3,13.87
37,4.0,7.9,11.81
34,10.1,13.8,17.41
27,18.5,11.6,11.46
27,6.6,9.5,13.74
38,9.0,4.2,12.6
57,4.1,10.3,8.52
50,42.1,6.2,14.06
24,10.2,9.8,13.07
36,6.1,4.2,12.2
32,2.9,9.7,14.63
17,0.4,12.2,15.02
52,9.6,3.9,8.57
26,7.1,6.8,13.06
36,11.0,9.1,10.82
20,13.6,7.2,9.66
49,19.8,6.2,12.54
52,4.1,6.9,11.31
47,3.2,4.2,13.48
25,20.6,10.0,15.1
54,3.4,8.9,12.72
28,22.7,13.0,11.91
17,4.6,10.6,12.79
38,12.0,6.0,15.13
55,3.3,3.0,9.94
18,14.2,6.6,12.77
36,6.5,0.3,13.81
25,23.7,7.3,14.37
18,26.2,7.6,10.64
30,9.9,6.7,13.09
25,13.8,6.0,11.87
24,26.5,6.1,10.25
31,33.5,10.0,14.36
39,0.2,11.8,13.7
35,38.8,5.2,13.71
45,8.8,6.4,8.76
28,2.0,7.1,10.14
16,14.3,9.9,13.11
19,12.2,6.5,11.94
22,21.8,3.6,13.41
51,7.9,4.9,13.87
36,31.9,4.8,13.75
45,1.0,6.4,14.11
54,8.4,6.1,14.15
42,4.5,12.1,9.31
41,5.4,9.0,7.58
34,21.7,6.9,9.79
29,20.3,13.2,13.42
55,4.5,8.8,10.72
57,4.8,4.4,14.32
46,5.4,4.8,12.51
22,14.1,9.4,11.92
48,4.9,5.3,9.88
24,7.8,11.0,12.97
17,0.6,7.4,10.03
51,21.5,6.7,17.12
22,84.2,2.8,14.49
20,10.6,10.8,11.42
37,17.2,11.2,11.25
49,6.9,5.1,15.99
31,23.9,7.7,15.4
29,0.6,7.6,13.53
24,4.6,11.0,11.37
21,10.5,10.7,13.5
52,4.3,5.8,15.25
56,8.5,8.3,15.31
17,10.5,6.6,14.57
52,12.6,0.4,15.21
59,44.2,9.3,14.37
57,22.4,11.5,14.7
57,15.2,7.2,13.38
34,3.7,8.5,13.95
58,1.5,3.5,14.44
59,1.2,7.3,8.1
32,13.1,2.1,10.94
16,10.3,9.0,12.89
19,4.7,0.5,11.8
52,3.3,6.3,17.07
45,13.2,8.8,17.8
45,13.3,10.4,14.42
44,9.5,7.9,14.9
36,7.1,8.7,11.78
18,2.3,2.1,13.91
40,0.9,6.2,12.27
18,7.9,10.3,13.09
26,3.6,5.2,10.47
54,17.1,8.1,10.68
52,9.2,13.9,14.99
36,0.6,8.3,13.2
29,15.0,5.6,13.0
54,13.7,6.4,12.05
57,28.2,8.5,13.76
46,2.9,10.9,11.23
55,20.6,7.6,12.52
42,31.8,13.7,10.34
32,11.4,8.3,13.13
39,16.0,11.4,16.64
50,0.7,9.9,14.13
34,1.5,12.9,14.25
49,0.9,8.6,12.38
18,17.7,6.3,13.61
33,8.2,6.7,12.66
46,0.2,3.5,14.13
30,19.6,5.9,13.99
41,7.7,6.6,11.58
56,12.2,5.4,14.16
32,3.0,5.1,11.92
28,6.8,11.8,8.94
33,5.2,13.6,13.33
27,4.1,8.0,11.89
37,70.9,4.9,14.97
52,5.9,5.8,8.95
26,5.0,10.3,9.32
28,11.4,7.6,15.14
51,4.3,3.1,7.34
40,0.6,5.0,12.38
34,2.7,12.7,10.33
16,9.2,10.4,9.79
29,7.5,12.2,11.36
17,8.8,9.1,13.46
20,14.1,9.1,17.02
22,0.5,7.0,12.19
42,16.9,4.5,12.07
46,2.4,10.4,10.54
56,16.8,5.1,11.4
31,0.3,6.8,14.35
39,14.0,1.3,11.55
48,10.4,8.4,16.8
49,30.3,6.1,12.29
21,10.6,11.6,14.85
18,3.6,12.4,12.64
49,4.4,9.4,13.55
26,7.9,11.7,14.91
36,12.1,5.9,16.84
54,26.4,9.9,8.02
57,14.0,8.8,10.05
39,48.0,7.2,16.36
17,0.1,5.7,12.68
51,7.5,6.1,11.5
45,5.4,7.1,13.44
42,2.3,11.7,16.58
22,3.2,6.8,10.31
16,3.1,8.6,16.15
55,20.7,8.7,16.14
38,10.5,10.7,14.87
22,6.2,9.3,12.35
32,8.8,8.2,11.08
43,22.6,7.4,15.33
35,8.9,13.1,11.01
46,1.2,8.4,13.37
47,12.4,7.2,10.84
53,12.7,4.9,12.01
18,11.7,6.3,9.16
32,30.6,7.5,14.31
58,2.9,3.9,13.54
35,71.9,6.7,14.64
46,0.9,4.4,10.37
24,18.1,10.3,14.21
38,11.4,10.6,11.38
47,18.8,9.9,14.92
39,5.3,5.2,13.08
24,70.7,3.5,11.16
45,1.6,8.7,12.78
36,12.2,12.6,12.86
38,39.7,8.1,14.56
43,11.9,9.4,10.56
21,9.5,3.3,11.67
35,6.6,0.6,14.94
30,13.4,8.7,11.17
42,20.2,8.3,9.92
50,6.6,4.1,12.94
36,55.3,10.2,9.64
55,7.3,5.9,11.78
27,4.0,7.1,12.01
37,10.9,9.5,13.2
20,0.9,6.1,9.32
16,2.7,6.3,12.74
56,4.7,6.7,13.52
43,18.9,8.8,12.57
18,2.5,10.7,13.71
47,11.4,7.2,15.84
53,48.8,3.1,13.24
27,16.7,7.6,13.06
21,7.7,2.9,9.64
51,20.1,14.3,11.62
36,1.5,10.2,15.73
41,10.7,4.3,15.7
18,5.7,5.3,9.84
17,28.7,10.3,10.56
58,4.5,9.7,10.82
24,14.0,10.1,14.91
53,3.2,5.7,11.95
56,16.8,5.3,13.47
32,46.3,8.3,11.76
36,7.5,8.5,18.52
36,26.2,6.5,10.58
58,5.2,11.7,14.15
56,5.8,9.4,17.42
50,1.5,5.3,11.16
49,33.7,12.8,16.19
18,8.7,11.0,9.49
35,6.8,3.1,15.95
37,0.8,9.3,12.01
39,0.9,11.3,12.09
58,4.1,8.1,10.81
44,23.2,4.9,9.36
27,34.2,2.5,12.03
50,15.0,8.5,14.12
38,24.2,7.2,18.09
29,19.4,7.7,11.42
46,44.7,8.9,13.17
54,6.1,10.8,10.46
39,21.3,4.1,13.93
55,29.8,5.0,13.76
49,19.7,6.3,14.4
54,23.7,8.8,11.64
31,0.0,8.4,13.79
16,14.9,11.8,13.97
37,6.7,7.4,14.56
29,3.0,3.0,13.33
50,24.8,10.3,12.87
29,8.0,11.5,13.6
18,0.1,7.5,13.76
21,2.4,7.4,11.66
26,1.7,5.5,13.68
52,28.0,6.3,14.82
42,15.4,7.0,15.56
44,7.2,16.1,13.46
26,5.0,7.9,19.5
17,0.1,6.0,13.33
27,4.0,8.5,11.69
39,13.0,9.0,14.08
39,14.6,7.6,13.64
48,20.1,4.6,9.9
33,6.7,10.6,7.3
55,18.8,10.8,13.83
36,25.2,6.4,13.77
37,1.0,6.5,12.9
34,0.8,4.6,12.1
17,33.0,8.7,13.29
32,3.6,9.5,11.74
55,8.1,10.8,15.1
19,0.2,13.3,14.27
25,5.0,11.0,15.07
58,7.6,8.5,14.24
29,5.7,4.0,13.33
29,0.6,9.6,14.73
41,14.0,6.6,10.63
26,16.7,8.2,12.84
40,35.6,10.3,14.02
46,8.9,10.2,13.06
46,0.5,9.6,14.03
46,1.6,7.5,13.13
58,26.4,8.2,15.05
51,25.3,3.7,14.13
40,24.1,9.2,15.91
46,3.2,13.3,14.37
38,0.9,9.3,11.36
57,2.1,6.9,14.77
29,5.8,11.1,17.56
32,14.0,8.7,11.64
21,13.6,10.1,14.63
20,14.2,9.8,12.15
34,6.5,9.1,16.24
53,4.3,6.7,10.76
58,13.4,5.5,12.32
27,37.6,4.8,13.73
50,13.6,9.2,13.8
30,11.3,9.0,15.45
51,8.6,5.9,13.11
37,18.7,9.1,13.94
28,17.8,10.7,8.43
29,10.0,3.2,15.43
21,1.1,5.0,8.9
26,7.9,4.2,12.25
45,14.2,5.0,12.28
18,0.4,11.4,13.45
24,6.1,4.5,16.34
30,1.2,9.1,11.63
22,1.6,9.5,13.11
19,20.1,8.1,13.56
47,14.1,2.2,14.05
27,13.3,8.0,14.46
40,37.3,13.5,8.93
47,11.5,10.0,12.52
30,22.6,8.8,12.61
45,5.7,11.3,13.52
42,2.2,12.1,10.86
23,12.1,3.8,12.27
42,19.6,6.7,13.3
30,1.9,9.5,11.55
21,4.3,14.3,16.26
48,4.9,7.3,12.14
36,21.7,6.2,17.31
39,0.3,2.1,12.92
38,18.0,6.5,15.75
55,4.0,4.3,14.29
29,3.2,9.2,13.66
54,9.3,7.7,10.72
39,4.3,8.8,12.41
56,18.0,9.9,13.19
46,17.7,4.5,16.52
58,5.3,11.0,13.48
18,16.5,9.6,15.95
36,3.9,7.1,15.32
35,7.5,13.3,12.62
43,21.2,10.8,13.25
52,4.4,11.2,14.71
20,1.7,11.3,14.04
31,1.8,3.9,11.81
42,2.1,6.8,13.81
38,6.3,8.8,14.76
47,9.0,9.3,9.25
45,16.4,8.3,10.43
21,1.7,11.2,15.78
22,27.0,4.3,14.17
30,31.1,6.9,12.35
33,17.1,6.3,11.37
56,4.4,8.6,14.36
30,3.3,10.9,14.71
18,4.7,5.6,13.59
22,16.8,8.4,12.72
58,8.0,11.7,14.82
49,22.6,4.7,14.77
46,1.0,3.9,14.77
16,28.2,4.5,11.23
21,5.2,11.9,14.08
45,11.4,3.1,10.73
18,2.5,11.1,12.15
29,0.5,9.2,13.44
20,2.9,4.8,14.03
58,6.4,8.7,14.35
38,0.2,6.8,12.16
42,48.7,11.6,14.82
19,2.5,11.8,14.71
20,24.5,7.0,15.23
27,15.4,7.8,10.83
30,16.9,8.9,13.53
48,11.2,3.4,8.92
41,25.7,9.6,15.37
22,11.9,9.8,15.03
39,3.3,13.4,11.51
35,0.7,10.3,11.54
56,35.6,13.8,10.96
40,11.9,9.1,13.93
35,2.3,5.3,14.28
32,0.1,6.0,11.97
42,4.5,2.4,14.85
51,9.9,6.3,15.15
50,4.4,9.2,12.93
24,7.8,9.2,11.12
44,0.3,5.2,10.23
32,9.3,10.9,15.98
22,9.5,11.3,13.64
28,17.2,4.0,14.73
33,24.9,6.5,13.6
55,3.8,8.5,16.04
49,41.9,10.3,17.83
26,2.3,7.7,13.31
29,7.8,6.9,13.77
31,18.2,5.6,15.31
58,24.8,4.2,16.39
34,1.4,8.2,12.64
24,0.5,8.4,12.21
44,31.1,9.6,14.24
24,12.7,6.9,13.91
17,21.7,10.9,14.17
55,16.5,8.7,9.81
22,15.5,13.7,12.4
51,6.6,11.7,11.47
36,14.6,8.3,14.5
38,1.6,12.3,12.82
51,5.9,9.4,11.71
46,15.9,8.1,13.48
43,6.6,8.4,12.86
31,51.0,7.0,12.5
40,31.0,12.0,7.05
51,3.9,5.0,11.14
24,25.7,7.0,12.53
18,20.9,2.8,10.01
25,7.6,7.1,12.73
51,6.5,12.2,14.53
24,3.2,0.3,15.19
16,11.0,7.8,12.29
16,10.5,4.2,15.4
24,4.9,12.4,17.41
42,12.0,7.9,14.66
46,13.0,10.5,11.5
18,8.4,10.2,16.56
58,25.7,4.9,11.4
34,18.7,9.1,12.11
48,0.8,3.6,14.43
21,7.4,16.3,9.94
41,2.9,10.0,11.38
58,9.4,9.5,15.57
39,2.9,15.1,12.04
35,26.6,6.1,11.4
57,0.6,9.5,12.13
28,21.4,5.6,12.43
33,6.3,10.9,12.25
44,11.2,9.0,13.42
44,3.6,4.6,13.83
56,11.1,4.7,16.17
31,2.5,9.9,14.09
19,19.7,7.6,16.05
59,10.9,4.7,12.58
45,12.6,8.9,13.62
26,3.7,9.4,12.43
16,2.2,12.5,18.23
43,0.5,10.6,19.91
23,2.2,10.3,11.62
25,5.5,9.5,12.58
21,28.7,9.5,15.79
54,18.3,5.1,14.91
43,3.0,5.1,14.68
53,0.2,4.9,10.94
30,3.2,7.6,12.92
59,27.8,11.5,13.29
41,4.7,5.1,11.65
54,9.9,6.8,15.21
20,7.8,3.1,13.96
18,9.3,4.3,14.0
55,27.0,6.7,10.08
28,4.6,9.5,10.72
33,9.7,7.7,16.71
44,7.9,9.4,14.52
39,12.1,10.7,10.82
33,18.2,11.4,11.79
32,3.9,3.6,12.63
55,6.5,8.6,13.0
47,2.3,7.8,9.8
51,0.4,5.0,13.0
21,5.0,10.4,16.52
37,4.4,8.8,14.16
31,39.9,10.8,11.43
52,27.0,8.9,7.96
25,3.4,4.0,15.97
57,1.4,10.2,15.29
43,36.8,11.5,13.75
58,6.8,3.7,14.38
23,2.5,9.2,14.98
42,22.2,10.2,14.68
52,22.4,4.8,12.41
57,9.8,9.1,9.98
58,1.4,4.6,13.48
40,48.1,9.7,11.91
57,0.1,10.0,11.71
42,20.3,5.4,14.11
33,5.8,5.9,15.48
18,37.1,7.4,8.91
49,39.5,6.3,13.32
28,17.7,4.2,11.42
46,4.1,8.9,16.95
29,0.3,8.1,10.92
50,56.0,9.6,13.44
44,28.5,7.8,13.46
30,7.7,7.0,12.89
45,19.7,9.0,13.77
28,6.7,1.5,10.96
59,8.7,10.7,16.25
27,8.4,3.2,11.21
37,2.3,8.5,16.76
21,7.6,7.0,13.65
22,7.6,4.5,18.36
45,28.2,6.6,17.53
47,13.5,9.3,11.62
53,11.6,1.5,17.64
16,13.5,11.0,12.35
51,11.0,8.6,11.43
42,2.9,5.7,12.93
54,1.5,7.3,9.81
59,30.4,8.5,14.6
27,17.5,9.6,12.82
54,3.4,10.6,13.84
21,16.7,12.1,12.23
54,2.4,8.8,15.4
39,16.1,3.5,11.91
19,6.0,11.9,12.21
19,0.1,2.6,14.2
55,0.9,10.8,13.76
19,7.7,8.4,10.46
32,0.4,12.0,11.8
37,6.0,6.0,12.7
42,4.4,5.2,10.65
24,1.3,7.0,12.08
40,7.3,4.4,16.04
51,1.5,11.8,12.78
57,2.5,5.6,12.87
53,31.4,7.3,12.14
53,7.0,12.6,12.85
44,13.9,8.0,14.45
19,40.5,13.4,17.36
33,1.8,10.7,12.84
30,5.4,4.3,12.6
42,22.4,10.2,16.1
50,1.3,6.9,14.27
26,12.3,3.4,17.08
51,21.4,12.8,14.3
23,1.4,9.1,12.2
43,23.6,2.8,13.96
53,16.2,11.7,11.36
16,8.5,13.7,13.96
43,38.6,9.9,13.0
20,8.4,9.2,9.89
28,16.7,11.0,14.62
59,34.7,4.7,13.6
20,1.1,6.8,10.1
33,2.6,10.6,13.4
48,29.7,8.4,15.36
17,33.6,11.2,15.29
38,4.6,14.2,14.35
18,39.2,9.5,11.49
32,6.8,9.5,14.93
45,1.5,4.6,12.8
46,4.6,8.1,11.73
24,5.1,5.5,16.27
25,8.2,6.2,11.28
24,2.9,9.7,13.64
45,2.1,10.0,13.4
35,3.6,5.1,15.17
21,25.8,6.8,12.53
53,0.8,6.7,14.65
47,9.4,7.4,15.92
36,5.3,5.5,10.75
41,6.9,6.8,10.87
35,15.3,9.3,15.4
50,41.1,10.0,9.06
27,35.8,10.1,14.03
51,16.6,4.3,15.23
46,2.9,6.5,13.05
18,2.7,4.9,13.77
23,3.9,2.3,13.54
35,16.6,10.2,14.78
34,5.3,9.6,11.41
21,3.6,8.3,15.53
18,6.7,4.5,9.53
46,0.2,8.3,10.2
45,11.2,6.4,13.81
56,7.6,7.3,14.31
24,30.6,7.0,12.4
45,5.4,12.5,15.11
19,0.3,1.8,12.41
33,15.4,6.9,9.55
34,11.2,3.6,17.83
29,7.4,4.5,14.74
53,31.3,7.7,10.06
17,8.8,11.4,12.39
26,3.7,7.9,12.0
44,28.1,6.3,14.02
52,7.5,9.1,11.05
57,15.7,9.5,10.43
43,7.6,12.7,19.05
36,5.6,9.3,8.93
40,0.3,11.3,15.05
28,19.3,14.6,14.42
35,14.5,6.9,14.45
54,1.4,10.9,13.86
49,8.3,4.3,11.53
54,12.8,6.3,13.72
23,7.9,3.9,14.81
34,29.8,7.4,15.52
20,15.3,10.6,14.45
54,1.2,6.2,11.08
39,24.0,8.5,11.94
46,8.6,10.0,12.17
37,26.8,4.9,15.69
54,22.0,9.7,13.3
51,30.4,12.1,12.47
35,35.7,12.6,15.68
59,18.4,8.3,16.16
53,15.8,11.9,10.74
30,8.1,9.9,16.15
16,53.6,9.5,15.45
16,7.9,12.0,12.34
19,14.5,8.1,12.89
45,20.9,8.8,12.5
32,3.3,7.7,11.01
22,13.6,7.5,13.61
59,8.7,2.9,13.49
42,20.5,7.7,13.41
56,7.8,10.6,12.21
38,19.1,7.8,13.08
45,2.8,9.3,13.43
16,6.6,6.4,13.93
41,1.4,5.8,10.49
59,3.2,6.3,13.64
33,1.9,8.4,13.32
44,19.8,7.3,13.39
34,9.4,6.2,10.33
24,16.0,8.3,14.42
24,16.4,5.9,14.46
35,4.0,11.6,13.78
25,11.2,8.8,16.43
57,10.1,6.7,12.75
43,8.1,5.5,12.01
38,0.8,4.7,12.9
33,5.3,3.2,16.77
24,13.5,5.0,9.3
34,2.3,11.5,10.74
41,0.7,5.5,10.31
48,5.7,4.2,13.29
58,0.9,9.7,12.08
56,17.8,12.2,11.75
20,21.6,10.3,13.26
21,15.5,6.8,11.69
19,4.7,2.3,13.73
40,24.9,6.0,11.04
28,0.5,10.9,12.39
43,4.8,13.4,11.34
22,1.9,4.3,12.88
19,17.8,10.0,13.05
20,25.3,7.6,11.04
27,12.2,9.0,12.64
32,17.7,4.0,13.24
55,4.6,5.2,14.29
53,8.0,13.1,17.76
42,6.8,7.6,17.4
39,2.9,8.0,16.06
52,22.8,4.2,11.31
27,9.3,13.3,10.81
34,0.4,13.5,9.14
31,3.8,6.6,9.54
53,1.6,6.3,10.98
38,2.0,8.3,10.54
49,11.0,3.6,13.05
49,0.7,1.4,13.94
26,0.0,8.5,13.07
29,23.5,8.9,14.3
40,4.1,13.4,10.15
19,15.3,10.5,9.79
52,14.3,3.3,14.07
57,6.6,9.2,10.98
33,9.2,7.0,15.24
26,6.1,3.6,15.08
47,1.6,7.7,10.8
25,22.5,8.4,15.01
32,12.8,9.3,13.13
29,3.2,1.4,13.79
32,39.3,11.2,11.92
21,2.1,13.7,11.32
19,13.4,7.9,13.93
16,1.2,10.1,14.52
58,17.5,6.3,14.73
51,2.7,6.8,14.11
58,1.1,8.3,14.5
44,4.2,8.3,11.65
52,0.9,1.2,13.4
46,19.6,6.4,10.4
59,18.6,7.8,13.4
24,27.3,7.0,12.43
57,26.4,7.6,14.21
41,21.0,9.4,12.41
31,4.6,7.2,11.05
55,22.0,11.0,7.94
46,4.8,13.5,12.04
42,1.4,4.7,16.15
56,22.3,4.9,15.04
37,5.4,5.0,13.6
25,5.3,8.2,13.94
38,13.3,8.5,11.68
20,4.8,5.8,13.8
52,4.3,8.5,15.46
25,6.7,6.2,13.67
28,10.4,5.6,14.02
48,3.0,4.4,12.62
52,23.0,2.9,11.47
21,41.6,12.3,15.35
59,4.8,7.6,13.23
50,10.3,6.9,10.06
49,43.4,8.3,12.49
35,21.3,14.3,10.2
17,13.6,2.8,13.12
39,3.6,1.6,12.71
33,9.9,5.0,13.46
25,0.9,11.1,8.77
47,2.6,4.9,15.46
27,0.1,7.8,16.55
17,24.0,9.0,14.18
20,3.9,3.4,15.97
47,3.1,10.2,15.15
42,28.2,13.3,10.95
29,7.8,10.2,11.9
26,4.3,6.4,10.0
43,0.6,9.9,15.21
47,0.3,9.2,12.68
34,0.3,9.7,12.57
28,11.6,8.6,14.67
32,24.6,10.8,9.99
44,12.8,8.4,12.97
34,6.7,8.3,14.42
40,14.1,6.3,16.3
32,7.7,5.9,15.21
29,1.4,5.9,16.66
35,6.0,9.6,10.28
52,3.5,9.4,11.5
46,6.1,11.2,14.41
21,19.5,6.3,11.68
27,8.6,9.9,9.31
41,2.9,10.6,13.57
42,9.0,10.9,12.94
30,9.0,5.7,12.85
26,8.0,8.1,11.11
41,5.5,7.0,10.46
22,10.4,9.7,14.68
53,2.3,9.7,15.04
39,10.0,9.0,12.6
42,1.1,6.7,16.26
38,13.9,8.7,17.78
18,1.7,8.4,14.09
33,36.0,4.6,11.8
27,20.1,11.5,12.92
19,6.9,1.2,12.53
33,1.9,11.4,10.5
36,32.2,6.9,10.87
38,8.0,2.9,13.93
30,0.3,10.7,12.96
38,1.6,0.5,10.6
40,8.5,4.7,9.52
29,7.2,9.1,13.46
18,23.8,9.4,12.8
38,24.5,9.1,13.8
30,36.6,7.2,8.66
52,7.7,7.1,10.82
21,37.7,10.9,14.54
54,4.4,7.4,5.57
23,0.8,10.2,12.09
26,9.3,3.8,16.26
38,3.0,11.5,11.39
32,37.7,7.4,14.36
43,7.7,8.8,18.29
58,2.6,3.2,14.76
38,2.5,8.0,14.58
32,2.6,7.7,12.67
20,1.1,12.8,10.62
25,5.8,7.0,16.54
33,5.1,10.1,15.29
38,6.8,6.7,16.01
43,11.8,5.1,13.59
57,8.6,9.4,12.94
36,7.9,8.7,15.03
59,23.3,8.6,12.63
27,3.1,11.0,12.4
17,4.7,8.2,14.37
54,12.1,8.9,11.17
39,1.4,10.0,13.79
24,19.6,8.2,12.47
40,20.1,3.4,9.6
24,4.0,14.4,17.58
39,3.7,10.9,12.74
30,2.8,12.0,12.9
38,4.5,11.2,11.05
33,11.4,5.4,12.18
45,7.2,8.4,16.19
24,3.6,2.6,13.99
43,49.1,6.3,13.24
41,6.1,3.8,12.14
26,4.5,11.3,14.79
42,32.6,5.5,15.87
27,15.8,8.5,12.8
44,0.8,8.0,10.97
58,2.2,8.7,14.4
54,18.5,6.4,12.12
25,6.4,12.6,13.39
53,1.3,10.7,17.49
51,4.8,8.8,14.88
36,12.1,16.6,14.84
58,11.9,9.3,17.12
21,2.4,7.7,13.47
36,16.5,4.6,10.23
56,5.9,6.9,11.28
48,16.3,2.5,13.51
26,12.1,2.2,15.48
52,0.9,9.7,10.0
38,2.0,9.2,14.72
45,16.3,15.3,10.76
34,1.3,3.7,9.97
20,2.7,0.3,11.31
30,23.8,9.8,12.51
41,39.9,3.9,13.27
50,2.8,8.4,10.97
49,2.9,5.2,10.47
31,7.8,9.8,11.88
31,2.3,4.8,13.93
50,11.7,9.9,10.86
29,16.2,7.5,13.85
43,16.9,8.6,13.27
49,27.4,10.1,10.26
56,3.4,3.8,12.86
59,39.1,8.7,10.16
32,0.2,6.1,16.01
23,128.3,5.7,9.84
41,10.5,4.5,15.51
58,13.7,5.9,10.77
38,2.0,11.1,15.48
23,1.6,9.2,14.77
16,4.0,9.2,9.4
34,10.1,7.6,14.59
19,1.6,6.1,9.02
42,32.7,10.6,12.78
28,17.6,2.2,10.48
33,4.7,2.7,15.13
20,49.9,10.8,8.98
59,47.4,0.3,9.47
33,4.7,4.1,10.24
36,17.2,7.1,12.94
16,3.1,7.6,14.2
36,1.6,6.0,13.92
42,18.5,6.7,14.73
47,10.2,7.7,15.59
35,8.0,8.1,14.51
16,8.1,5.4,13.47
35,129.1,10.3,12.57
45,12.2,3.3,12.54
19,17.4,9.0,11.34
33,0.5,9.7,15.32
22,18.7,6.7,12.86
31,0.9,5.5,16.08
33,0.2,6.3,12.78
48,9.7,10.4,11.9
43,17.7,8.6,11.89
51,7.5,8.3,14.4
33,0.1,7.4,14.72
42,7.7,8.2,16.19
38,12.4,11.9,14.51
49,2.7,7.0,15.6
26,7.4,6.8,13.96
52,37.0,8.5,11.56
58,6.8,7.5,9.04
21,8.6,2.9,16.3
37,8.5,13.0,10.84
49,17.3,11.3,12.04
48,55.3,6.8,14.67
59,1.2,9.6,16.78
46,1.3,7.8,15.73
49,10.2,2.3,15.2
56,42.2,1.0,13.16
26,2.0,15.3,12.64
47,26.8,6.8,10.44
25,6.0,10.9,13.28
21,7.4,6.4,12.34
35,12.4,8.1,9.75
42,14.4,5.5,12.13
28,3.6,9.2,10.86
20,4.7,6.9,13.94
58,3.9,5.8,15.24
17,26.7,9.2,11.07
42,13.9,15.1,14.71
54,4.2,11.9,10.42
17,1.3,3.7,11.61
32,0.3,11.6,17.32
38,24.4,7.4,12.53
26,2.9,6.6,13.28
50,2.1,4.2,14.28
39,53.9,9.5,12.29
31,2.1,6.8,14.62
22,12.8,10.1,14.98
26,2.9,9.7,14.02
51,11.5,11.2,12.31
23,13.4,8.0,16.4
42,24.2,7.8,12.23
59,8.8,12.3,14.15
42,21.7,8.7,12.01
22,1.3,9.0,15.75
18,5.3,3.5,18.05
21,0.2,6.2,12.85
33,5.6,9.4,12.07
16,0.5,6.0,14.13
18,41.9,4.7,17.2
18,10.9,10.1,14.26
36,6.2,6.6,8.7
17,10.6,13.2,15.59
54,5.7,5.3,12.77
24,0.6,16.0,11.93
26,19.5,8.9,9.59
55,1.9,8.4,12.82
26,10.8,8.4,12.58
29,0.9,2.7,10.47
57,12.6,13.0,11.95
46,3.4,8.9,14.38
16,19.1,5.6,11.57
56,25.5,2.9,11.08
36,4.8,6.7,9.71
33,9.6,10.2,13.03
34,20.0,3.6,14.7
59,6.5,5.7,10.16
57,2.9,3.5,12.06
23,0.3,6.6,11.93
20,13.6,3.8,15.32
26,12.6,6.8,16.58
34,2.1,10.1,15.04
16,12.1,9.9,13.53
16,9.2,7.3,12.0
34,1.9,8.1,11.79
27,2.8,5.0,12.57
48,7.7,9.4,13.71
41,11.0,9.3,13.47
55,14.5,7.3,9.58
28,1.4,3.0,9.51
36,4.3,6.4,10.16
16,42.1,9.8,9.08
27,24.7,6.0,13.56
47,35.4,7.8,10.22
58,5.2,5.8,15.46
32,11.5,3.2,10.96
40,25.3,10.9,10.39
58,1.7,11.0,17.15
50,0.7,9.9,14.0
52,11.4,2.2,12.56
41,9.8,6.1,14.98
27,17.0,2.8,13.13
55,2.2,13.3,12.55
28,19.1,6.1,13.01
35,20.9,8.0,17.54
56,2.6,10.0,13.2
45,5.7,9.6,16.3
44,6.3,4.9,14.37
47,2.3,10.6,12.98
48,4.1,9.3,14.05
21,2.4,9.9,13.1
30,18.0,9.3,14.72
19,7.9,6.4,15.04
46,15.2,10.0,11.9
30,23.6,8.0,11.57
48,27.3,10.0,16.89
35,0.4,5.8,12.47
48,9.8,8.9,12.49
33,38.2,7.7,14.6
54,21.9,12.0,12.65
25,24.6,7.8,12.44
18,5.4,2.7,10.03
49,14.8,11.8,14.48
40,7.9,8.4,13.77
43,11.0,5.6,11.56
36,14.3,4.3,18.67
30,11.6,4.6,13.14
19,14.2,8.5,14.39
42,10.0,11.3,10.77
51,7.3,9.9,14.8
45,4.1,7.8,11.37
26,12.5,6.5,12.88
59,5.4,9.8,13.89
40,20.0,7.0,10.77
45,15.5,3.0,13.57
50,5.1,7.4,13.9
43,8.7,5.4,16.57
45,3.2,9.2,16.81
28,31.0,5.5,13.06
59,4.2,1.9,10.82
40,30.4,7.9,13.67
21,0.7,12.6,15.66
47,2.4,4.2,11.63
25,12.0,3.5,13.0
50,9.3,6.3,11.32
54,23.2,8.8,11.08
35,19.4,9.2,11.59
31,1.0,5.4,10.34
22,4.0,14.3,11.49
18,9.9,6.4,12.41
55,3.0,9.2,16.94
43,20.5,7.7,10.9
47,19.0,6.8,9.41
55,4.8,8.6,10.57
19,30.9,7.4,11.14
54,13.5,7.8,14.97
30,3.9,4.3,13.35
34,12.7,11.2,15.27
20,6.6,14.2,12.2
45,0.1,4.5,17.06
59,11.0,18.8,11.76
19,1.5,6.8,9.14
46,3.0,8.8,10.16
43,16.3,8.9,13.23
38,15.0,7.0,10.35
44,0.2,6.5,8.63
45,5.9,10.0,11.92
58,6.5,2.4,10.68
39,5.3,6.8,11.89
25,10.9,8.8,15.81
45,5.8,11.4,14.65
38,0.3,6.8,14.65
54,19.2,8.5,14.73
36,9.3,7.2,17.69
16,0.7,10.5,14.76
55,6.1,4.4,16.55
25,23.8,12.7,14.5
44,9.0,4.6,11.84
46,15.2,8.8,10.53
45,10.8,5.2,9.37
54,9.6,7.9,9.15
26,17.4,3.8,13.06
58,12.9,12.8,10.27
37,1.8,11.6,11.26
40,33.0,2.0,10.19
40,19.3,13.2,15.62
40,20.5,6.7,14.39
50,13.2,6.9,8.6
50,13.3,11.8,12.65
50,1.3,5.6,12.53
59,7.5,7.7,11.0
32,24.2,8.2,16.73
24,5.8,8.1,15.26
26,6.4,9.6,15.57
54,2.2,6.2,11.21
27,1.4,11.3,14.74
39,5.5,3.0,12.27
42,25.8,10.5,11.1
37,2.1,6.5,14.47
21,11.5,9.6,13.1
20,1.0,8.6,11.64
47,2.6,8.4,12.14
24,13.4,10.0,16.55
46,12.9,8.6,11.97
31,28.4,10.8,12.51
52,2.0,4.0,13.09
34,14.3,2.1,8.41
39,29.5,3.3,13.31
27,11.8,7.3,12.15
56,10.8,6.2,12.66
26,2.0,8.6,16.39
40,3.0,4.0,10.99
38,10.2,9.8,10.97
49,0.7,4.0,14.37
30,28.1,3.3,11.28
58,6.5,5.9,14.24
18,13.0,8.2,14.12
29,7.4,9.5,13.05
35,18.7,10.3,11.04
41,11.6,3.6,8.95
59,11.0,7.1,14.99
52,3.8,9.0,12.53
19,16.6,8.2,9.13
55,4.3,4.3,12.82
50,31.7,8.3,11.69
38,11.1,8.0,11.01
40,23.3,8.3,12.61
51,11.9,4.9,10.69
28,13.8,10.4,13.37
43,0.1,9.1,12.51
25,29.9,7.0,12.65
28,23.1,3.7,11.86
59,31.5,8.1,14.23
18,1.2,6.5,10.95
34,1.6,3.6,12.98
33,5.7,13.6,11.34
58,1.7,6.9,10.88
53,7.9,7.2,14.36
35,43.0,9.9,16.1
28,11.7,8.2,15.27
17,40.3,12.1,13.27
27,6.3,6.1,13.72
22,4.4,5.8,15.51
17,2.3,4.5,11.26
36,8.1,7.7,12.46
51,0.1,11.3,12.3
53,3.4,3.9,14.68
58,15.8,7.6,14.95
24,14.8,10.7,14.27
42,7.1,3.3,13.44
26,0.3,8.3,14.41
40,19.2,8.4,13.7
42,17.0,9.3,14.52
42,5.3,4.2,14.78
20,17.4,8.4,14.18
32,32.1,8.0,13.59
39,33.1,8.3,12.17
17,16.4,6.0,14.38
54,13.6,11.2,17.47
42,9.5,5.8,13.1
34,1.1,6.5,11.28
36,2.0,8.1,14.66
22,5.3,6.8,11.62
29,10.7,10.3,12.12
28,9.6,8.6,15.35
21,16.3,4.4,9.53
45,4.7,6.2,14.68
53,5.1,10.9,8.65
30,13.1,4.5,10.86
39,1.8,10.9,13.34
26,9.0,6.0,14.3
42,6.6,4.8,16.21
47,5.2,5.0,12.53
48,8.8,8.0,7.88
47,3.9,6.0,13.13
27,4.6,5.9,12.36
54,0.1,8.5,9.66
36,5.2,6.5,15.3
40,0.0,8.7,14.24
38,3.5,6.4,15.06
45,7.5,1.7,13.23
33,5.2,8.1,16.15
41,9.0,9.0,12.13
35,18.9,12.0,16.03
56,31.7,7.2,14.18
50,4.9,3.9,12.09
28,16.1,4.0,11.46
57,13.5,5.7,12.14
18,4.3,12.0,10.28
48,11.7,9.3,13.01
57,1.7,3.8,11.34
57,25.8,8.8,12.53
59,30.5,6.7,13.91
17,12.9,7.2,12.45
37,2.9,13.3,12.62
56,11.3,6.2,15.42
19,18.7,6.6,14.85
55,5.2,0.1,14.28
54,8.5,7.3,14.24
44,14.3,9.2,11.86
45,19.1,6.4,16.38
29,6.9,9.5,13.82
17,29.5,6.7,12.47
31,35.9,12.8,12.22
27,15.1,6.1,9.79
56,1.2,8.3,13.78
54,10.2,8.6,12.58
58,1.2,10.1,16.28
53,5.8,10.7,10.41
46,18.7,8.8,9.99
56,15.2,7.0,12.02
47,9.8,7.9,14.05
48,26.4,11.9,9.63
29,37.2,8.8,12.48
27,32.3,12.0,14.33
33,58.0,12.2,10.79
50,5.7,13.4,10.88
24,6.8,7.8,12.84
41,12.5,11.0,9.59
27,4.4,6.9,13.75
26,33.9,13.9,15.84
20,2.4,1.7,11.71
23,7.4,7.2,15.85
48,8.4,9.0,11.15
56,1.3,8.1,13.75
28,17.7,5.2,9.37
24,20.1,15.2,10.98
57,13.0,8.2,12.99
51,2.7,6.9,16.9
24,58.2,1.9,14.2
41,1.0,13.9,16.21
58,12.4,7.8,13.09
35,5.0,4.5,7.46
43,2.3,7.8,10.47
39,4.0,9.4,10.75
16,2.6,7.8,13.14
40,0.8,8.7,13.07
26,22.4,6.0,10.5
20,49.5,9.6,11.69
29,20.9,13.3,8.58
33,3.4,7.4,14.19
36,12.3,7.3,10.57
52,4.1,4.6,12.07
20,16.2,8.3,10.24
29,6.4,9.9,15.83
50,9.4,10.2,14.89
24,0.1,9.7,13.64
26,1.9,3.7,11.27
19,8.8,9.7,11.06
23,6.4,2.8,14.84
52,3.4,8.5,13.07
43,11.0,6.0,11.15
29,20.6,12.2,14.87
17,32.9,9.5,12.74
44,13.9,8.7,16.22
35,4.7,8.1,15.93
53,7.7,4.3,14.78
21,2.3,10.5,13.21
27,3.8,9.2,13.76
31,17.8,7.8,9.32
17,41.0,6.0,13.63
55,14.6,8.7,15.03
20,4.3,9.8,12.02
35,11.7,8.4,10.28
27,28.9,7.7,15.68
31,2.8,7.8,13.0
45,48.9,5.9,17.11
35,25.5,4.0,12.69
36,17.6,3.8,14.18
21,2.5,6.7,10.22
24,3.2,9.1,14.26
18,13.9,10.7,13.52
35,2.8,4.8,14.45
48,11.4,4.3,13.75
52,7.4,6.4,11.45
32,6.1,6.1,12.74
56,3.9,11.6,11.68
30,4.0,11.9,12.13
34,21.6,8.1,11.08
28,3.2,5.2,10.35
38,25.4,7.9,13.06
59,5.5,12.3,14.37
39,10.1,9.4,10.08
39,14.8,11.5,9.85
42,2.0,8.3,9.67
38,38.7,1.8,9.57
27,17.6,8.1,10.87
26,14.7,10.0,9.92
23,30.5,7.3,16.18
39,2.5,2.4,11.46
56,13.9,6.4,16.11
25,4.7,7.6,10.99
39,10.4,10.4,12.22
26,25.7,5.3,14.76
48,49.8,11.1,11.02
44,7.8,4.1,10.89
28,6.7,5.2,9.13
43,1.2,8.5,12.47
20,0.3,5.8,12.15
32,1.7,8.5,13.21
51,0.4,8.6,14.6
35,18.8,5.2,14.27
19,3.8,10.5,12.49
43,20.1,7.4,13.79
31,13.0,9.1,13.54
54,57.1,3.3,13.35
45,1.2,3.8,11.73
45,36.4,10.3,11.43
35,20.4,11.1,13.71
47,0.1,8.0,13.32
41,8.5,8.1,15.78
18,1.0,6.8,14.36
49,1.9,8.4,17.05
25,6.7,6.5,11.78
52,2.4,9.6,11.8
32,27.2,4.4,13.81
59,1.3,5.4,11.09
45,10.6,9.3,15.59
43,2.1,7.3,15.3
38,10.9,8.6,13.54
28,12.0,11.5,11.41
40,3.5,6.7,13.45
58,27.0,13.0,12.91
33,18.4,9.6,13.25
43,8.1,5.4,15.62
50,21.4,2.1,11.52
17,3.2,7.5,11.54
20,11.6,6.7,10.1
33,1.2,2.1,12.54
59,8.7,9.1,11.29
52,5.0,4.9,12.86
59,4.0,7.2,12.54
49,15.0,9.0,14.36
26,9.2,6.9,14.18
50,2.3,8.2,15.36
40,19.7,9.6,11.98
44,8.8,2.5,10.66
16,15.0,10.3,9.87
52,0.1,5.5,14.79
27,15.0,3.6,13.05
53,23.2,3.4,14.18
20,3.9,7.8,14.63
39,0.8,7.7,13.05
36,2.8,8.8,12.33
16,14.4,12.2,12.93
39,8.4,10.2,15.69
35,3.8,9.8,16.67
31,18.7,5.3,13.21
27,4.5,6.7,11.11
41,2.8,10.6,12.87
21,1.2,5.2,12.43
34,44.4,13.0,11.43
19,10.6,11.2,13.71
20,3.1,12.3,13.5
58,8.2,9.7,7.88
41,0.2,4.7,13.21
55,9.7,5.0,14.82
46,25.4,4.9,13.8
33,15.1,2.6,11.54
24,45.3,4.6,12.09
49,10.4,9.7,9.17
46,0.5,7.5,10.23
54,22.1,8.3,13.44
32,0.5,7.0,16.97
51,3.2,9.3,12.53
52,9.6,9.9,15.39
24,12.8,6.7,14.8
51,75.0,7.7,13.32
58,20.1,7.3,7.92
22,1.7,10.2,16.03
17,13.1,5.4,13.12
17,1.1,6.7,9.87
36,11.1,10.0,14.2
56,9.0,9.8,11.54
27,2.8,8.8,9.18
27,28.8,6.6,15.32
57,6.1,6.4,13.89
19,12.4,10.5,12.63
51,20.7,10.1,12.71
54,14.0,8.3,15.32
20,9.3,4.3,11.45
41,36.1,10.6,14.3
47,4.8,11.4,11.27
29,1.7,4.9,13.76
28,20.7,5.2,14.77
39,9.8,11.8,16.08
33,47.4,4.6,10.65
28,9.6,9.7,9.9
47,13.9,7.1,13.21
55,1.9,5.9,11.43
39,1.9,5.4,15.67
33,6.7,7.7,8.42
29,3.5,8.2,13.33
47,36.4,12.2,12.7
41,6.7,7.7,14.18
20,31.9,4.6,13.5
17,1.7,6.8,14.49
47,61.3,7.2,11.07
17,4.3,11.9,12.03
56,11.7,5.0,11.12
22,10.5,5.7,12.02
30,64.1,11.1,15.05
54,21.7,7.3,15.37
55,2.7,9.3,14.67
45,9.8,9.9,13.27
38,2.7,9.5,14.8
42,7.5,1.5,14.51
28,2.6,9.7,12.95
43,10.6,9.0,11.06
42,20.4,10.4,9.51
45,0.5,9.0,16.36
17,20.5,11.6,13.91
45,2.0,6.0,15.51
18,15.6,8.9,13.13
37,31.8,7.9,10.3
44,7.6,10.6,12.31
29,1.7,9.1,11.39
30,11.8,8.7,7.25
29,0.6,7.4,14.38
49,21.8,9.7,13.25
18,0.7,10.8,10.26
59,0.5,5.3,9.74
32,1.1,9.3,16.06
50,17.7,11.2,13.18
48,27.7,8.5,9.56
52,22.0,9.3,13.64
48,3.8,13.5,14.3
38,2.9,4.5,9.73
43,39.6,6.4,13.87
32,8.2,8.3,11.94
27,29.5,10.4,16.53
24,20.3,3.8,15.97
24,17.3,4.9,8.81
26,26.8,12.2,11.28
45,8.4,6.8,14.0
33,18.5,14.0,14.26
32,2.1,5.8,13.37
33,1.0,10.1,11.07
52,20.7,4.1,15.04
29,8.0,7.6,13.85
30,13.9,7.9,14.51
16,1.0,10.4,17.11
23,7.9,2.4,13.9
26,28.2,12.0,12.85
43,18.6,11.1,16.29
48,6.8,6.1,14.18
52,5.5,7.2,13.58
25,3.4,12.4,12.86
19,7.1,7.6,10.03
36,26.8,12.8,15.47
29,5.6,5.9,14.24
31,17.1,6.7,12.17
24,8.5,9.6,11.57
56,1.6,7.4,11.08
56,34.0,8.6,12.56
17,5.6,5.9,15.68
46,7.1,8.1,11.41
48,5.4,10.3,11.81
52,1.5,2.5,12.38
28,7.2,4.5,9.71
40,23.0,6.8,15.24
17,23.3,8.8,12.11
49,3.1,8.7,15.47
46,2.0,9.9,15.74
55,15.1,9.1,12.98
57,24.8,9.4,12.27
43,7.3,5.9,10.29
44,0.4,8.2,10.18
45,4.1,11.4,14.45
48,24.7,4.1,14.67
33,7.2,9.8,14.93
24,15.9,6.8,10.38
51,6.6,13.8,15.4
54,9.3,10.2,12.13
50,11.3,9.5,13.54
43,24.3,7.3,13.19
44,9.8,4.8,13.69
24,0.7,6.7,10.7
28,8.9,7.3,10.14
28,27.3,14.0,13.68
53,5.2,6.6,13.12
50,1.1,3.8,12.71
42,34.4,10.0,9.9
46,5.6,6.9,11.03
28,10.6,3.2,12.32
35,3.8,10.1,14.83
53,28.4,7.7,13.55
43,1.5,7.9,9.44
56,17.0,8.5,10.21
54,2.7,7.2,13.25
57,8.2,6.7,12.42
55,23.7,3.3,18.37
25,38.3,5.7,9.86
52,5.3,8.1,14.64
16,17.9,6.9,14.69
17,7.2,8.0,12.35
16,6.1,11.2,11.35
42,1.3,10.7,12.31
49,3.0,6.8,13.04
30,3.9,12.5,13.55
40,5.9,6.6,13.3
51,25.6,7.7,13.47
51,13.6,9.8,11.87
45,3.9,5.1,10.07
18,22.9,2.9,14.39
19,13.7,14.4,12.66
20,32.1,3.1,12.7
51,2.3,10.6,12.55
26,17.5,4.7,12.02
39,5.9,3.5,12.78
18,5.8,8.4,12.99
49,28.1,5.8,14.4
22,7.4,6.8,16.98
26,34.3,8.7,10.76
27,20.5,11.5,14.56
39,0.7,12.2,9.87
34,0.2,8.8,12.58
23,36.7,5.7,11.45
20,6.0,15.7,14.26
16,57.5,9.9,12.26
46,11.4,0.9,16.67
16,23.0,15.6,10.94
35,11.3,3.4,11.57
41,4.8,7.9,14.37
35,0.2,10.9,14.47
47,4.4,4.9,15.11
40,4.5,6.8,14.65
45,24.6,10.4,14.47
39,0.6,1.3,14.42
34,28.2,7.2,12.73
34,15.2,6.0,14.3
37,4.5,6.4,14.26
38,13.5,11.7,12.15
36,6.7,7.8,13.66
47,39.2,8.4,11.23
45,0.3,10.3,11.76
32,1.9,6.1,11.68
53,13.7,11.6,14.71
56,35.6,4.6,9.26
16,20.6,0.6,14.01
37,5.1,0.3,13.44
35,4.3,9.0,13.69
41,1.8,5.2,11.65
57,7.9,6.8,11.82
30,39.4,9.0,12.36
56,1.0,7.8,13.21
25,24.9,8.1,10.11
38,3.0,8.6,13.55
56,0.4,7.9,13.83
55,0.0,6.0,14.15
24,29.8,3.3,13.02
29,7.4,5.1,18.6
28,11.1,7.7,15.08
23,42.8,13.0,14.6
34,7.5,5.9,15.72
45,5.6,10.2,11.04
43,6.3,10.8,13.2
42,18.0,8.7,12.32
22,1.2,7.4,17.48
59,16.1,4.3,13.13
57,7.2,5.8,10.92
59,1.9,13.6,13.94
41,3.1,11.7,11.29
18,6.9,10.5,14.97
20,36.0,6.2,11.0
35,42.5,4.7,8.26
44,8.2,9.0,12.17
34,1.6,3.9,14.96
40,35.2,8.6,14.31
28,16.0,9.0,14.31
30,16.0,8.1,11.87
39,0.4,9.8,14.12
27,13.0,10.0,13.0
24,2.8,12.3,14.93
36,38.7,14.3,10.11
58,0.2,7.1,15.48
31,23.4,15.6,11.44
35,9.5,9.6,12.24
55,9.4,5.0,11.18
43,26.9,8.2,12.11
53,0.1,5.2,14.04
28,44.2,11.0,15.29
53,2.5,12.1,13.57
24,1.4,5.5,12.03
44,3.9,6.9,13.18
43,10.0,10.7,13.58
33,2.4,4.3,14.43
59,4.1,6.2,13.31
34,11.5,2.1,14.5
38,3.7,9.1,11.76
36,9.8,7.8,14.3
48,4.1,6.6,10.79
39,8.2,5.0,12.97
20,6.4,9.5,13.26
51,4.8,4.7,11.0
47,2.7,6.4,13.45
35,5.3,8.2,13.9
49,21.3,4.9,13.27
32,11.8,3.7,10.67
26,1.0,7.3,13.11
18,11.4,8.8,14.26
56,3.6,11.4,12.36
51,4.1,8.7,8.91
35,0.1,6.1,12.37
16,2.2,1.2,15.57
28,43.7,8.7,10.67
27,0.5,4.2,14.72
55,3.9,8.3,13.83
19,17.2,5.2,12.49
27,11.3,9.2,15.64
44,9.0,8.2,13.72
59,14.1,8.7,14.82
31,20.4,9.5,13.61
47,1.6,4.8,10.45
38,13.4,13.0,14.71
17,7.2,3.7,12.15
21,2.2,8.2,9.2
37,12.5,10.1,12.01
45,6.6,7.6,14.45
43,28.7,8.2,10.99
38,2.8,6.9,13.85
17,60.3,9.5,12.44
49,0.9,10.2,13.11
32,16.6,10.0,14.93
40,14.0,8.0,12.96
26,30.4,12.2,12.87
40,0.3,8.3,13.96
54,0.7,9.9,10.92
54,11.4,6.7,14.36
34,14.8,4.1,12.2
17,8.6,11.0,13.63
58,3.9,13.3,10.04
46,20.9,9.9,16.01
16,11.2,8.0,12.42
55,10.9,10.6,14.36
26,4.5,6.2,11.44
41,19.8,5.4,12.22
28,10.2,4.5,14.73
44,0.3,6.4,12.99
39,17.0,4.8,15.02
54,16.9,4.1,12.82
28,3.8,3.9,13.59
34,0.5,10.9,16.35
